/*
 Navicat Premium Data Transfer

 Source Server         : posgresql local
 Source Server Type    : PostgreSQL
 Source Server Version : 100021
 Source Host           : localhost:5432
 Source Catalog        : dbcrud_flask
 Source Schema         : public

 Target Server Type    : PostgreSQL
 Target Server Version : 100021
 File Encoding         : 65001

 Date: 21/11/2022 01:01:31
*/


-- ----------------------------
-- Sequence structure for tblgroups_id_seq
-- ----------------------------
DROP SEQUENCE IF EXISTS "public"."tblgroups_id_seq";
CREATE SEQUENCE "public"."tblgroups_id_seq" 
INCREMENT 1
MINVALUE  1
MAXVALUE 2147483647
START 1
CACHE 1;

-- ----------------------------
-- Sequence structure for tblmenus_id_seq
-- ----------------------------
DROP SEQUENCE IF EXISTS "public"."tblmenus_id_seq";
CREATE SEQUENCE "public"."tblmenus_id_seq" 
INCREMENT 1
MINVALUE  1
MAXVALUE 2147483647
START 1
CACHE 1;

-- ----------------------------
-- Sequence structure for tblmenus_id_seq1
-- ----------------------------
DROP SEQUENCE IF EXISTS "public"."tblmenus_id_seq1";
CREATE SEQUENCE "public"."tblmenus_id_seq1" 
INCREMENT 1
MINVALUE  1
MAXVALUE 2147483647
START 1
CACHE 1;

-- ----------------------------
-- Sequence structure for tblusers_id_seq
-- ----------------------------
DROP SEQUENCE IF EXISTS "public"."tblusers_id_seq";
CREATE SEQUENCE "public"."tblusers_id_seq" 
INCREMENT 1
MINVALUE  1
MAXVALUE 2147483647
START 1
CACHE 1;

-- ----------------------------
-- Sequence structure for tblusers_id_seq1
-- ----------------------------
DROP SEQUENCE IF EXISTS "public"."tblusers_id_seq1";
CREATE SEQUENCE "public"."tblusers_id_seq1" 
INCREMENT 1
MINVALUE  1
MAXVALUE 2147483647
START 1
CACHE 1;

-- ----------------------------
-- Table structure for rel_group_menu
-- ----------------------------
DROP TABLE IF EXISTS "public"."rel_group_menu";
CREATE TABLE "public"."rel_group_menu" (
  "id_group" int4 NOT NULL,
  "id_menu" int4 NOT NULL,
  "created_by" varchar(255) COLLATE "pg_catalog"."default",
  "created_dt" timestamp(6),
  "updated_by" varchar(255) COLLATE "pg_catalog"."default",
  "updated_dt" timestamp(6)
)
;

-- ----------------------------
-- Records of rel_group_menu
-- ----------------------------
INSERT INTO "public"."rel_group_menu" VALUES (1, 1, NULL, NULL, NULL, NULL);
INSERT INTO "public"."rel_group_menu" VALUES (1, 2, NULL, NULL, NULL, NULL);
INSERT INTO "public"."rel_group_menu" VALUES (2, 1, NULL, NULL, NULL, NULL);
INSERT INTO "public"."rel_group_menu" VALUES (2, 2, NULL, NULL, NULL, NULL);
INSERT INTO "public"."rel_group_menu" VALUES (1, 3, NULL, NULL, NULL, NULL);
INSERT INTO "public"."rel_group_menu" VALUES (1, 4, NULL, NULL, NULL, NULL);
INSERT INTO "public"."rel_group_menu" VALUES (1, 5, NULL, NULL, NULL, NULL);
INSERT INTO "public"."rel_group_menu" VALUES (1, 6, NULL, NULL, NULL, NULL);

-- ----------------------------
-- Table structure for rel_user_group
-- ----------------------------
DROP TABLE IF EXISTS "public"."rel_user_group";
CREATE TABLE "public"."rel_user_group" (
  "id_user" int4 NOT NULL,
  "id_group" int4 NOT NULL,
  "created_by" varchar(255) COLLATE "pg_catalog"."default",
  "created_dt" timestamp(6),
  "updated_by" varchar(255) COLLATE "pg_catalog"."default",
  "updated_dt" timestamp(6)
)
;

-- ----------------------------
-- Records of rel_user_group
-- ----------------------------
INSERT INTO "public"."rel_user_group" VALUES (1, 1, NULL, NULL, NULL, NULL);

-- ----------------------------
-- Table structure for tblgroups
-- ----------------------------
DROP TABLE IF EXISTS "public"."tblgroups";
CREATE TABLE "public"."tblgroups" (
  "id" int4 NOT NULL GENERATED BY DEFAULT AS IDENTITY (
INCREMENT 1
MINVALUE  1
MAXVALUE 2147483647
START 1
),
  "name" varchar(255) COLLATE "pg_catalog"."default" NOT NULL,
  "status" bool NOT NULL DEFAULT true,
  "created_by" varchar(255) COLLATE "pg_catalog"."default",
  "created_dt" timestamp(6),
  "updated_by" varchar(255) COLLATE "pg_catalog"."default",
  "updated_dt" timestamp(6)
)
;

-- ----------------------------
-- Records of tblgroups
-- ----------------------------
INSERT INTO "public"."tblgroups" VALUES (1, 'Super Admin', 't', NULL, NULL, NULL, NULL);
INSERT INTO "public"."tblgroups" VALUES (2, 'Admin', 't', NULL, NULL, NULL, NULL);

-- ----------------------------
-- Table structure for tblmenus
-- ----------------------------
DROP TABLE IF EXISTS "public"."tblmenus";
CREATE TABLE "public"."tblmenus" (
  "id" int4 NOT NULL GENERATED BY DEFAULT AS IDENTITY (
INCREMENT 1
MINVALUE  1
MAXVALUE 2147483647
START 1
),
  "name" varchar(255) COLLATE "pg_catalog"."default" NOT NULL,
  "parent_id" int4,
  "sequence" int4,
  "parent_path" varchar(255) COLLATE "pg_catalog"."default",
  "img_menu" varchar(255) COLLATE "pg_catalog"."default",
  "action_link" varchar(255) COLLATE "pg_catalog"."default" NOT NULL,
  "status" bool NOT NULL DEFAULT true,
  "created_by" varchar(255) COLLATE "pg_catalog"."default",
  "created_dt" timestamp(6),
  "updated_by" varchar(255) COLLATE "pg_catalog"."default",
  "updated_dt" timestamp(6),
  "is_parent" bool DEFAULT false
)
;

-- ----------------------------
-- Records of tblmenus
-- ----------------------------
INSERT INTO "public"."tblmenus" VALUES (1, 'Settings', NULL, 100, NULL, 'icon_settings.png', '/settings', 't', NULL, '2022-11-18 14:01:20.268313', NULL, NULL, 't');
INSERT INTO "public"."tblmenus" VALUES (2, 'Example', NULL, 1, NULL, NULL, '/example', 't', NULL, '2022-11-18 14:09:26.958027', NULL, NULL, 't');
INSERT INTO "public"."tblmenus" VALUES (3, 'Menu Items', 1, 1, 'Settings', NULL, '/settings/menu_items', 't', NULL, NULL, NULL, NULL, 'f');
INSERT INTO "public"."tblmenus" VALUES (4, 'System Tools', 1, 2, 'Settings', NULL, '#', 't', NULL, NULL, NULL, NULL, 't');
INSERT INTO "public"."tblmenus" VALUES (5, 'Group', 4, 1, 'Settings / System Tools', NULL, '/settings/groups', 't', NULL, NULL, NULL, NULL, 'f');
INSERT INTO "public"."tblmenus" VALUES (6, 'User', 4, 2, 'Settings / System Tools', NULL, '/settings/users', 't', NULL, NULL, NULL, NULL, 'f');

-- ----------------------------
-- Table structure for tblsystem_parameter
-- ----------------------------
DROP TABLE IF EXISTS "public"."tblsystem_parameter";
CREATE TABLE "public"."tblsystem_parameter" (
  "par_code" varchar(255) COLLATE "pg_catalog"."default" NOT NULL,
  "par_name" varchar(255) COLLATE "pg_catalog"."default" NOT NULL,
  "par_value" varchar(255) COLLATE "pg_catalog"."default",
  "created_by" varchar(255) COLLATE "pg_catalog"."default",
  "created_dt" timestamp(6),
  "updated_by" varchar(255) COLLATE "pg_catalog"."default",
  "updated_dt" timestamp(6)
)
;

-- ----------------------------
-- Records of tblsystem_parameter
-- ----------------------------
INSERT INTO "public"."tblsystem_parameter" VALUES ('app_name', 'APP SARINAH', NULL, NULL, NULL, NULL, NULL);

-- ----------------------------
-- Table structure for tblusers
-- ----------------------------
DROP TABLE IF EXISTS "public"."tblusers";
CREATE TABLE "public"."tblusers" (
  "id" int4 NOT NULL GENERATED BY DEFAULT AS IDENTITY (
INCREMENT 1
MINVALUE  1
MAXVALUE 2147483647
START 1
),
  "username" varchar(255) COLLATE "pg_catalog"."default" NOT NULL,
  "password" varchar(255) COLLATE "pg_catalog"."default" NOT NULL,
  "display_name" varchar(255) COLLATE "pg_catalog"."default" NOT NULL,
  "status" bool NOT NULL DEFAULT true,
  "created_by" varchar(255) COLLATE "pg_catalog"."default",
  "created_dt" timestamp(6),
  "updated_by" varchar COLLATE "pg_catalog"."default",
  "updated_dt" timestamp(6),
  "img_profile" varchar(255) COLLATE "pg_catalog"."default"
)
;

-- ----------------------------
-- Records of tblusers
-- ----------------------------
INSERT INTO "public"."tblusers" VALUES (1, 'yayat', 'pbkdf2:sha256:260000$OqgUZ8EPsQtVrrQo$8acabc32efdb76fc6c1beb972d06bb8323ed5ea8ecb94ce33f5752f148d79144', 'Yayat Suyatna', 't', NULL, '2022-11-18 13:50:03.374596', NULL, NULL, NULL);

-- ----------------------------
-- Alter sequences owned by
-- ----------------------------
ALTER SEQUENCE "public"."tblgroups_id_seq"
OWNED BY "public"."tblgroups"."id";
SELECT setval('"public"."tblgroups_id_seq"', 3, true);
ALTER SEQUENCE "public"."tblmenus_id_seq"
OWNED BY "public"."tblmenus"."id";
SELECT setval('"public"."tblmenus_id_seq"', 4, true);
ALTER SEQUENCE "public"."tblmenus_id_seq1"
OWNED BY "public"."tblmenus"."id";
SELECT setval('"public"."tblmenus_id_seq1"', 2, false);
ALTER SEQUENCE "public"."tblusers_id_seq"
OWNED BY "public"."tblusers"."id";
SELECT setval('"public"."tblusers_id_seq"', 3, true);
ALTER SEQUENCE "public"."tblusers_id_seq1"
OWNED BY "public"."tblusers"."id";
SELECT setval('"public"."tblusers_id_seq1"', 2, false);

-- ----------------------------
-- Primary Key structure for table rel_group_menu
-- ----------------------------
ALTER TABLE "public"."rel_group_menu" ADD CONSTRAINT "rel_group_menu_pkey" PRIMARY KEY ("id_group", "id_menu");

-- ----------------------------
-- Primary Key structure for table rel_user_group
-- ----------------------------
ALTER TABLE "public"."rel_user_group" ADD CONSTRAINT "rel_user_group_pkey" PRIMARY KEY ("id_user", "id_group");

-- ----------------------------
-- Primary Key structure for table tblgroups
-- ----------------------------
ALTER TABLE "public"."tblgroups" ADD CONSTRAINT "tblgroups_pkey" PRIMARY KEY ("id");

-- ----------------------------
-- Primary Key structure for table tblmenus
-- ----------------------------
ALTER TABLE "public"."tblmenus" ADD CONSTRAINT "tblmenus_pkey" PRIMARY KEY ("id");

-- ----------------------------
-- Primary Key structure for table tblsystem_parameter
-- ----------------------------
ALTER TABLE "public"."tblsystem_parameter" ADD CONSTRAINT "tblsystem_parameter_pkey" PRIMARY KEY ("par_code", "par_name");

-- ----------------------------
-- Primary Key structure for table tblusers
-- ----------------------------
ALTER TABLE "public"."tblusers" ADD CONSTRAINT "tblusers_pkey" PRIMARY KEY ("id");

-- ----------------------------
-- Foreign Keys structure for table rel_group_menu
-- ----------------------------
ALTER TABLE "public"."rel_group_menu" ADD CONSTRAINT "id_group" FOREIGN KEY ("id_group") REFERENCES "public"."tblgroups" ("id") ON DELETE CASCADE ON UPDATE NO ACTION;
ALTER TABLE "public"."rel_group_menu" ADD CONSTRAINT "id_menu" FOREIGN KEY ("id_menu") REFERENCES "public"."tblmenus" ("id") ON DELETE CASCADE ON UPDATE NO ACTION;

-- ----------------------------
-- Foreign Keys structure for table rel_user_group
-- ----------------------------
ALTER TABLE "public"."rel_user_group" ADD CONSTRAINT "id_group" FOREIGN KEY ("id_group") REFERENCES "public"."tblgroups" ("id") ON DELETE CASCADE ON UPDATE NO ACTION;
ALTER TABLE "public"."rel_user_group" ADD CONSTRAINT "id_user" FOREIGN KEY ("id_user") REFERENCES "public"."tblusers" ("id") ON DELETE CASCADE ON UPDATE NO ACTION;
